{
  "slides": [
    {
      "template": 1,
      "text1": "スライド上のどの位置にあるテキストボックスも置換できます。",
      "text2": "テンプレートに設定されたフォントサイズやスタイルは維持されます。",
      "text3": "テキストボックスの自動調整などの設定も維持されます。",
      "text4": "表内の",
      "text5": "テキストも",
      "text6": "置換することが",
      "text7": "できます"
    }
  ]
}
